	aminoasid	conservativeness	percent_conservativeness
0	C	1	0.4
1	S	1	0.4
2	C	5	2.0
3	R	1	0.4
4	C	5	2.0
5	S	5	2.0
6	D	1	0.4
7	S	5	2.0
8	K	4	1.6
9	R	1	0.4
10	A	1	0.4
11	R	5	2.0
12	C	3	1.2
13	V	5	2.0
14	R	1	0.4
15	G	2	0.8
16	V	3	1.2
17	S	3	1.2
18	C	5	2.0
19	S	2	0.8
20	N	4	1.6
21	R	2	0.8
22	G	4	1.6
23	V	1	0.4
24	K	1	0.4
25	S	1	0.4
26	L	3	1.2
27	P	3	1.2
28	G	1	0.4
29	V	2	0.8
30	R	4	1.6
31	C	3	1.2
32	M	1	0.4
33	S	11	4.4
34	S	6	2.4
35	A	2	0.8
36	P	1	0.4
37	G	1	0.4
38	N	4	1.6
39	C	1	0.4
40	R	3	1.2
41	G	1	0.4
42	M	10	4.0
43	S	1	0.4
44	A	3	1.2
45	V	9	3.6
46	F	1	0.4
47	S	2	0.8
48	S	1	0.4
49	K	1	0.4
50	A	5	2.0
51	T	1	0.4
52	F	1	0.4
53	D	4	1.6
54	V	1	0.4
55	C	1	0.4
56	P	1	0.4
57	S	1	0.4
58	V	6	2.4
59	C	1	0.4
60	A	1	0.4
61	M	2	0.8
62	G	4	1.6
63	E	1	0.4
64	S	2	0.8
65	G	1	0.4
66	K	9	3.6
67	R	1	0.4
68	A	3	1.2
69	Q	1	0.4
70	V	10	4.0
71	P	1	0.4
72	R	2	0.8
73	C	1	0.4
74	S	11	4.4
75	G	2	0.8
76	A	1	0.4
77	S	39	15.6
78	F	22	8.8
79	R	1	0.4
80	T	1	0.4
81	C	3	1.2
82	W	8	3.2
83	G	12	4.8
84	K	1	0.4
85	A	1	0.4
86	V	1	0.4
87	P	39	15.6
88	I	12	4.8
89	A	1	0.4
90	G	2	0.8
91	V	23	9.2
92	K	24	9.6
93	S	6	2.4
94	R	9	3.6
95	E	1	0.4
96	V	1	0.4
97	P	30	12.0
98	A	28	11.2
99	S	10	4.0
100	G	29	11.6
101	R	9	3.6
102	Q	3	1.2
103	D	2	0.8
104	K	1	0.4
105	W	6	2.4
106	R	17	6.8
107	G	100	40.0
108	S	13	5.2
109	L	22	8.8
110	V	1	0.4
111	A	26	10.4
112	D	2	0.8
113	W	1	0.4
114	I	1	0.4
115	P	1	0.4
116	D	58	23.2
117	E	9	3.6
118	G	1	0.4
119	S	17	6.8
120	Q	35	14.0
121	K	19	7.6
122	T	8	3.2
123	R	31	12.4
124	C	1	0.4
125	A	3	1.2
126	W	1	0.4
127	V	1	0.4
128	R	4	1.6
129	V	62	24.8
130	I	10	4.0
131	P	24	9.6
132	D	43	17.2
133	N	6	2.4
134	S	8	3.2
135	G	15	6.0
136	A	11	4.4
137	L	2	0.8
138	M	1	0.4
139	E	1	0.4
140	P	26	10.4
141	S	11	4.4
142	M	1	0.4
143	Y	1	0.4
144	L	75	30.0
145	A	75	30.0
146	T	8	3.2
147	I	22	8.8
148	V	7	2.8
149	R	3	1.2
150	D	1	0.4
151	C	1	0.4
152	G	1	0.4
153	E	1	0.4
154	W	1	0.4
155	V	31	12.4
156	P	1	0.4
157	T	2	0.8
158	R	32	12.8
159	L	74	29.6
160	S	46	18.4
161	I	15	6.0
162	N	5	2.0
163	Q	2	0.8
164	G	1	0.4
165	H	17	6.8
166	F	1	0.4
167	M	1	0.4
168	C	1	0.4
169	A	4	1.6
170	K	1	0.4
171	Y	1	0.4
172	W	1	0.4
173	D	1	0.4
174	W	1	0.4
175	V	10	4.0
176	N	1	0.4
177	S	6	2.4
178	R	40	16.0
179	H	98	39.2
180	Q	16	6.4
181	D	28	11.2
182	Y	22	8.8
183	I	2	0.8
184	A	9	3.6
185	K	1	0.4
186	M	3	1.2
187	M	1	0.4
188	R	63	25.2
189	C	1	0.4
190	T	1	0.4
191	I	1	0.4
192	P	21	8.4
193	K	12	4.8
194	S	9	3.6
195	Q	26	10.4
196	E	11	4.4
197	N	2	0.8
198	A	8	3.2
199	G	73	29.2
200	L	7	2.8
201	V	1	0.4
202	R	15	6.0
203	M	1	0.4
204	F	70	28.0
205	S	48	19.2
206	L	42	16.8
207	G	33	13.2
208	Y	1	0.4
209	A	5	2.0
210	P	17	6.8
211	V	2	0.8
212	C	1	0.4
213	W	9	3.6
214	S	112	44.8
215	R	52	20.8
216	T	1	0.4
217	C	2	0.8
218	F	6	2.4
219	L	35	14.0
220	P	10	4.0
221	K	3	1.2
222	D	1	0.4
223	A	7	2.8
224	H	1	0.4
225	Q	8	3.2
226	N	2	0.8
227	I	1	0.4
228	Y	1	0.4
229	V	2	0.8
230	G	1	0.4
231	T	38	15.2
232	S	3	1.2
233	V	1	0.4
234	F	2	0.8
235	P	104	41.6
236	Y	10	4.0
237	H	31	12.4
238	D	4	1.6
239	N	1	0.4
240	E	31	12.4
241	R	7	2.8
242	Q	2	0.8
243	K	3	1.2
244	M	1	0.4
245	A	1	0.4
246	G	7	2.8
247	N	9	3.6
248	T	122	48.8
249	G	16	6.4
250	R	22	8.8
251	C	6	2.4
252	S	13	5.2
253	A	18	7.2
254	V	31	12.4
255	P	5	2.0
256	K	1	0.4
257	E	1	0.4
258	L	1	0.4
259	Q	2	0.8
260	C	14	5.6
261	S	7	2.8
262	T	9	3.6
263	V	4	1.6
264	G	79	31.6
265	A	32	12.8
266	R	40	16.0
267	W	25	10.0
268	L	7	2.8
269	E	1	0.4
270	D	2	0.8
271	I	5	2.0
272	Y	1	0.4
273	M	12	4.8
274	P	9	3.6
275	F	68	27.2
276	C	1	0.4
277	K	1	0.4
278	G	8	3.2
279	L	3	1.2
280	H	21	8.4
281	D	5	2.0
282	S	3	1.2
283	R	31	12.4
284	P	77	30.8
285	A	28	11.2
286	T	2	0.8
287	M	2	0.8
288	T	8	3.2
289	L	44	17.6
290	P	4	1.6
291	Y	63	25.2
292	F	1	0.4
293	E	35	14.0
294	K	6	2.4
295	V	10	4.0
296	S	14	5.6
297	R	18	7.2
298	C	1	0.4
299	A	25	10.0
300	G	1	0.4
301	W	2	0.8
302	I	13	5.2
303	M	2	0.8
304	D	1	0.4
305	H	2	0.8
306	L	5	2.0
307	T	9	3.6
308	K	2	0.8
309	V	30	12.0
310	S	78	31.2
311	A	20	8.0
312	P	35	14.0
313	I	21	8.4
314	R	22	8.8
315	H	12	4.8
316	M	1	0.4
317	W	1	0.4
318	F	5	2.0
319	Q	9	3.6
320	G	9	3.6
321	V	36	14.4
322	E	35	14.0
323	P	2	0.8
324	S	105	42.0
325	I	6	2.4
326	W	6	2.4
327	N	2	0.8
328	C	16	6.4
329	T	1	0.4
330	K	1	0.4
331	A	12	4.8
332	R	7	2.8
333	L	3	1.2
334	H	1	0.4
335	D	1	0.4
336	G	65	26.0
337	N	11	4.4
338	F	1	0.4
339	A	79	31.6
340	Q	3	1.2
341	R	36	14.4
342	K	2	0.8
343	D	6	2.4
344	S	7	2.8
345	C	2	0.8
346	T	1	0.4
347	P	11	4.4
348	L	3	1.2
349	T	21	8.4
350	G	50	20.0
351	E	1	0.4
352	V	76	30.4
353	I	26	10.4
354	S	7	2.8
355	R	21	8.4
356	K	4	1.6
357	A	14	5.6
358	L	2	0.8
359	F	1	0.4
360	H	1	0.4
361	N	2	0.8
362	D	1	0.4
363	C	1	0.4
364	L	1	0.4
365	W	1	0.4
366	T	4	1.6
367	K	46	18.4
368	S	3	1.2
369	N	1	0.4
370	R	106	42.4
371	L	1	0.4
372	E	32	12.8
373	D	7	2.8
374	P	6	2.4
375	H	2	0.8
376	C	6	2.4
377	Y	1	0.4
378	A	2	0.8
379	Q	2	0.8
380	F	1	0.4
381	G	1	0.4
382	K	3	1.2
383	P	4	1.6
384	L	6	2.4
385	G	66	26.4
386	N	72	28.8
387	T	5	2.0
388	C	1	0.4
389	R	29	11.6
390	W	1	0.4
391	S	1	0.4
392	A	36	14.4
393	Y	1	0.4
394	E	2	0.8
395	F	1	0.4
396	Q	1	0.4
397	P	73	29.2
398	L	34	13.6
399	S	27	10.8
400	D	4	1.6
401	R	8	3.2
402	E	7	2.8
403	C	3	1.2
404	V	42	16.8
405	I	30	12.0
406	W	2	0.8
407	G	1	0.4
408	Q	2	0.8
409	K	7	2.8
410	F	68	27.2
411	E	16	6.4
412	K	3	1.2
413	L	43	17.2
414	Y	3	1.2
415	G	10	4.0
416	P	2	0.8
417	A	29	11.6
418	V	3	1.2
419	T	24	9.6
420	S	23	9.2
421	N	1	0.4
422	W	14	5.6
423	R	5	2.0
424	Q	1	0.4
425	C	1	0.4
426	E	5	2.0
427	N	1	0.4
428	L	110	44.0
429	T	4	1.6
430	G	13	5.2
431	P	4	1.6
432	A	83	33.2
433	F	1	0.4
434	V	10	4.0
435	R	9	3.6
436	S	2	0.8
437	Y	1	0.4
438	I	1	0.4
439	D	2	0.8
440	Q	1	0.4
441	C	1	0.4
442	N	3	1.2
443	G	1	0.4
444	A	3	1.2
445	K	3	1.2
446	Q	3	1.2
447	R	142	56.8
448	W	1	0.4
449	Y	1	0.4
450	D	4	1.6
451	E	38	15.2
452	T	25	10.0
453	S	21	8.4
454	H	1	0.4
455	L	2	0.8
456	G	21	8.4
457	S	27	10.8
458	P	2	0.8
459	R	10	4.0
460	E	9	3.6
461	D	15	6.0
462	N	60	24.0
463	A	27	10.8
464	Q	3	1.2
465	H	2	0.8
466	L	19	7.6
467	I	6	2.4
468	V	10	4.0
469	T	4	1.6
470	F	33	13.2
471	S	2	0.8
472	C	1	0.4
473	K	2	0.8
474	G	3	1.2
475	R	7	2.8
476	T	5	2.0
477	M	4	1.6
478	A	3	1.2
479	P	1	0.4
480	S	2	0.8
481	L	1	0.4
482	K	3	1.2
483	V	16	6.4
484	Q	4	1.6
485	I	16	6.4
486	E	7	2.8
487	H	67	26.8
488	G	20	8.0
489	R	13	5.2
490	P	6	2.4
491	A	3	1.2
492	Y	1	0.4
493	C	1	0.4
494	R	37	14.8
495	P	9	3.6
496	C	3	1.2
497	A	33	13.2
498	L	69	27.6
499	N	2	0.8
500	G	33	13.2
501	S	31	12.4
502	M	5	2.0
503	E	9	3.6
504	V	2	0.8
505	Q	1	0.4
506	K	8	3.2
507	E	61	24.4
508	K	2	0.8
509	P	13	5.2
510	A	50	20.0
511	R	25	10.0
512	I	4	1.6
513	Q	2	0.8
514	Y	4	1.6
515	V	2	0.8
516	G	28	11.2
517	S	37	14.8
518	D	2	0.8
519	T	2	0.8
520	M	1	0.4
521	H	1	0.4
522	C	5	2.0
523	L	1	0.4
524	F	2	0.8
525	K	1	0.4
526	L	3	1.2
527	A	62	24.8
528	W	1	0.4
529	R	76	30.4
530	G	9	3.6
531	Q	1	0.4
532	H	2	0.8
533	S	40	16.0
534	D	1	0.4
535	V	25	10.0
536	M	12	4.8
537	C	1	0.4
538	N	2	0.8
539	T	3	1.2
540	P	4	1.6
541	E	1	0.4
542	R	99	39.6
543	A	22	8.8
544	N	13	5.2
545	P	12	4.8
546	K	36	14.4
547	S	6	2.4
548	T	6	2.4
549	G	43	17.2
550	D	1	0.4
551	W	1	0.4
552	Q	1	0.4
553	H	2	0.8
554	M	2	0.8
555	A	82	32.8
556	P	5	2.0
557	I	1	0.4
558	S	81	32.4
559	N	3	1.2
560	R	31	12.4
561	G	25	10.0
562	C	5	2.0
563	T	1	0.4
564	Q	1	0.4
565	L	1	0.4
566	D	1	0.4
567	Y	6	2.4
568	H	1	0.4
569	L	2	0.8
570	N	1	0.4
571	A	4	1.6
572	S	2	0.8
573	V	2	0.8
574	G	2	0.8
575	I	1	0.4
576	R	7	2.8
577	M	6	2.4
578	T	7	2.8
579	P	1	0.4
580	W	1	0.4
581	M	2	0.8
582	G	2	0.8
583	R	4	1.6
584	T	2	0.8
585	D	2	0.8
586	S	1	0.4
587	L	3	1.2
588	P	11	4.4
589	A	5	2.0
590	C	1	0.4
591	P	4	1.6
592	W	46	18.4
593	K	8	3.2
594	R	63	25.2
595	D	8	3.2
596	E	88	35.2
597	A	3	1.2
598	H	4	1.6
599	N	1	0.4
600	S	10	4.0
601	Q	1	0.4
602	T	14	5.6
603	A	86	34.4
604	P	16	6.4
605	C	2	0.8
606	L	1	0.4
607	R	72	28.8
608	H	38	15.2
609	G	11	4.4
610	Q	2	0.8
611	D	3	1.2
612	W	2	0.8
613	E	3	1.2
614	S	5	2.0
615	Y	1	0.4
616	T	1	0.4
617	N	7	2.8
618	N	8	3.2
619	A	40	16.0
620	S	3	1.2
621	F	2	0.8
622	Q	97	38.8
623	E	38	15.2
624	K	1	0.4
625	R	8	3.2
626	C	1	0.4
627	G	8	3.2
628	D	16	6.4
629	M	8	3.2
630	T	10	4.0
631	P	1	0.4
632	L	2	0.8
633	I	7	2.8
634	I	88	35.2
635	N	5	2.0
636	S	19	7.6
637	V	26	10.4
638	T	11	4.4
639	A	36	14.4
640	C	3	1.2
641	H	2	0.8
642	D	10	4.0
643	R	3	1.2
644	G	1	0.4
645	P	1	0.4
646	M	1	0.4
647	L	28	11.2
648	E	13	5.2
649	Q	2	0.8
650	F	1	0.4
651	R	14	5.6
652	I	4	1.6
653	T	27	10.8
654	A	42	16.8
655	P	43	17.2
656	S	8	3.2
657	D	2	0.8
658	V	4	1.6
659	L	32	12.8
660	F	1	0.4
661	G	57	22.8
662	K	1	0.4
663	N	2	0.8
664	M	12	4.8
665	C	1	0.4
666	L	13	5.2
667	K	2	0.8
668	G	40	16.0
669	F	43	17.2
670	Y	29	11.6
671	D	1	0.4
672	V	18	7.2
673	I	33	13.2
674	R	31	12.4
675	C	4	1.6
676	H	2	0.8
677	P	2	0.8
678	E	1	0.4
679	T	7	2.8
680	S	4	1.6
681	W	7	2.8
682	M	11	4.4
683	Q	1	0.4
684	F	2	0.8
685	C	6	2.4
686	E	9	3.6
687	P	3	1.2
688	T	12	4.8
689	S	63	25.2
690	V	9	3.6
691	D	21	8.4
692	R	18	7.2
693	G	47	18.8
694	N	2	0.8
695	Q	4	1.6
696	H	8	3.2
697	Y	1	0.4
698	L	2	0.8
699	I	26	10.4
700	A	15	6.0
701	M	1	0.4
702	S	9	3.6
703	P	9	3.6
704	T	35	14.0
705	L	3	1.2
706	A	9	3.6
707	K	20	8.0
708	R	75	30.0
709	G	50	20.0
710	M	3	1.2
711	V	12	4.8
712	I	11	4.4
713	F	1	0.4
714	H	1	0.4
715	C	8	3.2
716	Q	1	0.4
717	W	1	0.4
718	D	1	0.4
719	N	1	0.4
720	M	2	0.8
721	S	22	8.8
722	W	11	4.4
723	T	50	20.0
724	E	27	10.8
725	V	9	3.6
726	Q	27	10.8
727	D	4	1.6
728	A	34	13.6
729	P	11	4.4
730	R	26	10.4
731	I	4	1.6
732	L	16	6.4
733	C	4	1.6
734	Y	1	0.4
735	F	1	0.4
736	G	1	0.4
737	P	21	8.4
738	T	48	19.2
739	A	53	21.2
740	G	3	1.2
741	R	10	4.0
742	S	19	7.6
743	E	33	13.2
744	K	2	0.8
745	Q	17	6.8
746	H	3	1.2
747	V	23	9.2
748	I	2	0.8
749	F	13	5.2
750	C	2	0.8
751	L	1	0.4
752	R	23	9.2
753	G	2	0.8
754	I	5	2.0
755	M	26	10.4
756	P	16	6.4
757	V	19	7.6
758	A	61	24.4
759	T	7	2.8
760	S	40	16.0
761	F	3	1.2
762	C	8	3.2
763	W	1	0.4
764	H	2	0.8
765	L	34	13.6
766	Y	1	0.4
767	K	1	0.4
768	S	16	6.4
769	A	32	12.8
770	P	2	0.8
771	G	89	35.6
772	N	1	0.4
773	R	51	20.4
774	C	10	4.0
775	H	3	1.2
776	D	2	0.8
777	E	10	4.0
778	T	7	2.8
779	L	1	0.4
780	K	14	5.6
781	F	1	0.4
782	I	4	1.6
783	Y	5	2.0
784	W	1	0.4
785	Q	1	0.4
786	W	1	0.4
787	P	4	1.6
788	C	6	2.4
789	D	85	34.0
790	E	10	4.0
791	V	36	14.4
792	A	28	11.2
793	R	34	13.6
794	N	3	1.2
795	G	5	2.0
796	S	26	10.4
797	T	3	1.2
798	M	1	0.4
799	L	2	0.8
800	I	2	0.8
801	F	3	1.2
802	Y	1	0.4
803	A	40	16.0
804	C	6	2.4
805	K	2	0.8
806	S	11	4.4
807	H	65	26.0
808	G	1	0.4
809	R	15	6.0
810	V	28	11.2
811	I	20	8.0
812	L	2	0.8
813	F	2	0.8
814	N	34	13.6
815	P	5	2.0
816	Q	3	1.2
817	T	5	2.0
818	M	1	0.4
819	E	8	3.2
820	W	1	0.4
821	D	1	0.4
822	T	36	14.4
823	D	2	0.8
824	V	10	4.0
825	M	8	3.2
826	E	1	0.4
827	Q	12	4.8
828	I	26	10.4
829	H	3	1.2
830	A	75	30.0
831	L	40	16.0
832	P	10	4.0
833	S	7	2.8
834	R	12	4.8
835	K	2	0.8
836	C	5	2.0
837	F	1	0.4
838	S	18	7.2
839	I	21	8.4
840	F	30	12.0
841	V	17	6.8
842	A	17	6.8
843	K	3	1.2
844	Y	5	2.0
845	H	18	7.2
846	Q	36	14.4
847	E	8	3.2
848	R	15	6.0
849	D	36	14.4
850	G	3	1.2
851	C	11	4.4
852	T	6	2.4
853	L	4	1.6
854	M	1	0.4
855	P	1	0.4
856	K	1	0.4
857	S	2	0.8
858	T	1	0.4
859	A	2	0.8
860	A	1	0.4
861	I	1	0.4
862	T	1	0.4
863	A	1	0.4
864	M	1	0.4
865	P	1	0.4
866	S	2	0.8
867	T	1	0.4
868	S	4	1.6
869	S	2	0.8
870	R	2	0.8
871	L	1	0.4
872	S	1	0.4
873	R	1	0.4
874	K	2	0.8
875	N	1	0.4
876	R	3	1.2
877	S	3	1.2
878	F	1	0.4
879	Y	1	0.4
880	S	2	0.8
881	R	1	0.4
882	T	2	0.8
883	I	1	0.4
884	R	2	0.8
885	K	1	0.4
886	M	3	1.2
887	S	1	0.4
888	I	1	0.4
889	T	1	0.4
890	W	1	0.4
891	A	6	2.4
892	R	1	0.4
893	I	1	0.4
894	T	1	0.4
895	E	1	0.4
896	M	3	1.2
897	A	17	6.8
898	E	6	2.4
899	L	3	1.2
900	Q	50	20.0
901	R	14	5.6
902	P	2	0.8
903	S	63	25.2
904	T	1	0.4
905	C	6	2.4
906	G	2	0.8
907	Q	2	0.8
908	L	78	31.2
909	F	2	0.8
910	A	26	10.4
911	Y	35	14.0
912	V	2	0.8
913	R	5	2.0
914	T	2	0.8
915	M	1	0.4
916	C	2	0.8
917	P	21	8.4
918	D	1	0.4
919	S	2	0.8
920	K	2	0.8
921	P	9	3.6
922	G	6	2.4
923	D	99	39.6
924	T	2	0.8
925	R	4	1.6
926	C	9	3.6
927	A	24	9.6
928	L	1	0.4
929	V	1	0.4
930	S	28	11.2
931	N	1	0.4
932	H	1	0.4
933	L	31	12.4
934	D	3	1.2
935	I	2	0.8
936	V	57	22.8
937	A	43	17.2
938	F	2	0.8
939	P	10	4.0
940	E	15	6.0
941	R	13	5.2
942	S	7	2.8
943	Y	1	0.4
944	Q	1	0.4
945	C	2	0.8
946	T	4	1.6
947	R	25	10.0
948	A	8	3.2
949	S	4	1.6
950	D	12	4.8
951	E	13	5.2
952	N	8	3.2
953	G	2	0.8
954	H	1	0.4
955	L	5	2.0
956	P	4	1.6
957	T	15	6.0
958	Y	4	1.6
959	G	176	70.4
960	R	53	21.2
961	C	3	1.2
962	S	3	1.2
963	D	1	0.4
964	A	5	2.0
965	V	2	0.8
966	E	1	0.4
967	S	4	1.6
968	A	2	0.8
969	P	1	0.4
970	Y	1	0.4
971	V	59	23.6
972	I	12	4.8
973	C	1	0.4
974	L	43	17.2
975	F	7	2.8
976	N	18	7.2
977	K	10	4.0
978	R	32	12.8
979	H	2	0.8
980	M	45	18.0
981	T	9	3.6
982	A	2	0.8
983	R	40	16.0
984	G	10	4.0
985	K	57	22.8
986	L	43	17.2
987	I	13	5.2
988	P	63	25.2
989	V	4	1.6
990	M	1	0.4
991	H	2	0.8
992	S	10	4.0
993	T	1	0.4
994	S	9	3.6
995	R	16	6.4
996	T	7	2.8
997	D	32	12.8
998	N	8	3.2
999	A	3	1.2
1000	G	1	0.4
1001	P	3	1.2
1002	H	2	0.8
1003	Q	3	1.2
1004	I	1	0.4
1005	E	1	0.4
1006	C	5	2.0
1007	R	16	6.4
1008	G	72	28.8
1009	K	5	2.0
1010	A	78	31.2
1011	N	5	2.0
1012	D	1	0.4
1013	T	2	0.8
1014	I	18	7.2
1015	V	14	5.6
1016	L	6	2.4
1017	Q	4	1.6
1018	P	2	0.8
1019	S	16	6.4
1020	H	2	0.8
1021	S	10	4.0
1022	N	7	2.8
1023	P	107	42.8
1024	R	21	8.4
1025	K	54	21.6
1026	V	1	0.4
1027	E	34	13.6
1028	A	2	0.8
1029	M	1	0.4
1030	I	1	0.4
1031	W	4	1.6
1032	T	1	0.4
1033	H	1	0.4
1034	D	1	0.4
1035	Q	3	1.2
1036	V	6	2.4
1037	D	1	0.4
1038	P	8	3.2
1039	L	2	0.8
1040	K	3	1.2
1041	N	62	24.8
1042	S	14	5.6
1043	G	9	3.6
1044	A	34	13.6
1045	E	2	0.8
1046	T	9	3.6
1047	Q	77	30.8
1048	C	9	3.6
1049	W	1	0.4
1050	R	1	0.4
1051	M	6	2.4
1052	H	4	1.6
1053	F	59	23.6
1054	L	6	2.4
1055	E	1	0.4
1056	V	62	24.8
1057	A	41	16.4
1058	Y	5	2.0
1059	P	36	14.4
1060	I	13	5.2
1061	T	4	1.6
1062	G	1	0.4
1063	N	3	1.2
1064	R	5	2.0
1065	S	7	2.8
1066	M	2	0.8
1067	H	2	0.8
1068	D	1	0.4
1069	W	81	32.4
1070	L	4	1.6
1071	F	7	2.8
1072	Y	38	15.2
1073	N	1	0.4
1074	R	40	16.0
1075	A	6	2.4
1076	S	12	4.8
1077	C	3	1.2
1078	G	1	0.4
1079	M	4	1.6
1080	P	4	1.6
1081	T	47	18.8
1082	V	2	0.8
1083	M	3	1.2
1084	I	28	11.2
1085	S	11	4.4
1086	F	2	0.8
1087	V	71	28.4
1088	L	3	1.2
1089	Y	2	0.8
1090	R	20	8.0
1091	H	8	3.2
1092	P	69	27.6
1093	E	4	1.6
1094	N	1	0.4
1095	D	3	1.2
1096	K	6	2.4
1097	C	5	2.0
1098	A	5	2.0
1099	T	8	3.2
1100	Q	1	0.4
1101	Q	16	6.4
1102	W	13	5.2
1103	S	12	4.8
1104	T	62	24.8
1105	A	40	16.0
1106	G	55	22.0
1107	V	30	12.0
1108	I	2	0.8
1109	R	2	0.8
1110	H	1	0.4
1111	L	5	2.0
1112	F	2	0.8
1113	P	5	2.0
1114	E	2	0.8
1115	M	1	0.4
1116	D	1	0.4
1117	N	1	0.4
1118	K	27	10.8
1119	S	8	3.2
1120	L	16	6.4
1121	A	12	4.8
1122	P	35	14.0
1123	R	54	21.6
1124	I	17	6.8
1125	E	9	3.6
1126	Q	9	3.6
1127	C	10	4.0
1128	M	5	2.0
1129	T	33	13.2
1130	H	1	0.4
1131	D	1	0.4
1132	L	10	4.0
1133	F	3	1.2
1134	S	20	8.0
1135	H	11	4.4
1136	G	40	16.0
1137	D	3	1.2
1138	K	12	4.8
1139	N	14	5.6
1140	A	26	10.4
1141	P	10	4.0
1142	E	10	4.0
1143	T	39	15.6
1144	V	5	2.0
1145	I	1	0.4
1146	Q	3	1.2
1147	R	26	10.4
1148	W	1	0.4
1149	M	16	6.4
1150	R	58	23.2
1151	H	3	1.2
1152	A	18	7.2
1153	D	69	27.6
1154	Q	3	1.2
1155	P	75	30.0
1156	I	1	0.4
1157	T	4	1.6
1158	G	2	0.8
1159	C	4	1.6
1160	S	12	4.8
1161	G	24	9.6
1162	E	4	1.6
1163	Q	4	1.6
1164	F	7	2.8
1165	R	64	25.6
1166	L	71	28.4
1167	Y	1	0.4
1168	P	5	2.0
1169	V	5	2.0
1170	A	26	10.4
1171	S	7	2.8
1172	T	5	2.0
1173	K	12	4.8
1174	M	2	0.8
1175	C	1	0.4
1176	W	10	4.0
1177	H	1	0.4
1178	S	21	8.4
1179	E	42	16.8
1180	A	26	10.4
1181	L	37	14.8
1182	D	11	4.4
1183	Q	12	4.8
1184	M	4	1.6
1185	G	31	12.4
1186	R	22	8.8
1187	C	1	0.4
1188	H	1	0.4
1189	T	3	1.2
1190	P	5	2.0
1191	F	1	0.4
1192	N	3	1.2
1193	V	29	11.6
1194	A	18	7.2
1195	N	1	0.4
1196	E	3	1.2
1197	R	138	55.2
1198	S	10	4.0
1199	H	5	2.0
1200	G	15	6.0
1201	P	12	4.8
1202	V	14	5.6
1203	I	7	2.8
1204	T	3	1.2
1205	L	2	0.8
1206	C	4	1.6
1207	F	14	5.6
1208	Q	3	1.2
1209	L	8	3.2
1210	S	57	22.8
1211	P	5	2.0
1212	K	1	0.4
1213	A	77	30.8
1214	F	9	3.6
1215	V	18	7.2
1216	I	16	6.4
1217	G	9	3.6
1218	R	8	3.2
1219	E	1	0.4
1220	H	33	13.2
1221	T	1	0.4
1222	Y	1	0.4
1223	M	2	0.8
1224	C	1	0.4
1225	P	1	0.4
1226	R	1	0.4
1227	A	7	2.8
1228	S	1	0.4
1229	N	1	0.4
1230	M	3	1.2
1231	G	1	0.4
1232	R	105	42.0
1233	E	24	9.6
1234	Q	3	1.2
1235	K	2	0.8
1236	V	3	1.2
1237	L	5	2.0
1238	G	9	3.6
1239	I	3	1.2
1240	A	16	6.4
1241	D	9	3.6
1242	N	2	0.8
1243	C	2	0.8
1244	P	8	3.2
1245	S	31	12.4
1246	T	1	0.4
1247	R	14	5.6
1248	P	6	2.4
1249	Q	23	9.2
1250	H	6	2.4
1251	G	4	1.6
1252	A	14	5.6
1253	E	59	23.6
1254	N	1	0.4
1255	D	13	5.2
1256	S	13	5.2
1257	T	44	17.6
1258	I	4	1.6
1259	V	14	5.6
1260	L	19	7.6
1261	F	2	0.8
1262	C	2	0.8
1263	M	3	1.2
1264	P	70	28.0
1265	V	12	4.8
1266	W	67	26.8
1267	F	2	0.8
1268	I	4	1.6
1269	R	15	6.0
1270	M	8	3.2
1271	L	38	15.2
1272	A	9	3.6
1273	S	2	0.8
1274	G	7	2.8
1275	N	1	0.4
1276	Q	1	0.4
1277	T	5	2.0
1278	K	2	0.8
1279	V	48	19.2
1280	L	7	2.8
1281	E	3	1.2
1282	I	33	13.2
1283	T	3	1.2
1284	A	13	5.2
1285	Y	12	4.8
1286	F	27	10.8
1287	D	4	1.6
1288	S	34	13.6
1289	H	5	2.0
1290	M	2	0.8
1291	R	13	5.2
1292	C	21	8.4
1293	N	1	0.4
1294	P	8	3.2
1295	W	4	1.6
1296	G	5	2.0
1297	E	2	0.8
1298	K	3	1.2
1299	R	68	27.2
1300	F	1	0.4
1301	A	42	16.8
1302	G	41	16.4
1303	V	3	1.2
1304	T	2	0.8
1305	I	1	0.4
1306	P	28	11.2
1307	L	13	5.2
1308	H	5	2.0
1309	Q	6	2.4
1310	D	1	0.4
1311	N	1	0.4
1312	S	26	10.4
1313	S	10	4.0
1314	L	16	6.4
1315	Q	16	6.4
1316	F	16	6.4
1317	E	19	7.6
1318	A	23	9.2
1319	H	16	6.4
1320	M	10	4.0
1321	R	10	4.0
1322	V	2	0.8
1323	P	37	14.8
1324	Y	26	10.4
1325	G	2	0.8
1326	T	37	14.8
1327	I	7	2.8
1328	G	106	42.4
1329	S	6	2.4
1330	P	23	9.2
1331	V	5	2.0
1332	R	32	12.8
1333	A	50	20.0
1334	C	19	7.6
1335	E	1	0.4
1336	T	1	0.4
1337	F	1	0.4
1338	S	15	6.0
1339	L	1	0.4
1340	H	4	1.6
1341	Y	25	10.0
1342	F	39	15.6
1343	N	1	0.4
1344	R	49	19.6
1345	E	3	1.2
1346	A	11	4.4
1347	G	5	2.0
1348	K	2	0.8
1349	C	33	13.2
1350	I	35	14.0
1351	T	11	4.4
1352	P	3	1.2
1353	V	1	0.4
1354	M	1	0.4
1355	W	2	0.8
1356	V	7	2.8
1357	F	1	0.4
1358	S	11	4.4
1359	T	63	25.2
1360	A	64	25.6
1361	K	9	3.6
1362	E	32	12.8
1363	L	1	0.4
1364	G	11	4.4
1365	P	9	3.6
1366	D	18	7.2
1367	Q	3	1.2
1368	W	1	0.4
1369	N	1	0.4
1370	R	5	2.0
1371	H	4	1.6
1372	Q	2	0.8
1373	A	18	7.2
1374	E	14	5.6
1375	D	19	7.6
1376	M	10	4.0
1377	T	19	7.6
1378	N	7	2.8
1379	S	15	6.0
1380	P	48	19.2
1381	C	3	1.2
1382	G	45	18.0
1383	L	3	1.2
1384	R	33	13.2
1385	H	1	0.4
1386	A	1	0.4
1387	R	1	0.4
1388	G	2	0.8
1389	R	1	0.4
1390	R	1	0.4
1391	G	1	0.4
1392	C	1	0.4
1393	A	2	0.8
1394	R	1	0.4
1395	C	6	2.4
1396	A	118	47.2
1397	P	44	17.6
1398	G	22	8.8
1399	T	2	0.8
1400	V	1	0.4
1401	K	1	0.4
1402	S	22	8.8
1403	R	8	3.2
1404	N	1	0.4
1405	H	2	0.8
1406	A	2	0.8
1407	E	1	0.4
1408	M	18	7.2
1409	L	78	31.2
1410	V	22	8.8
1411	T	25	10.0
1412	I	56	22.4
1413	K	1	0.4
1414	S	5	2.0
1415	R	2	0.8
1416	C	16	6.4
1417	H	4	1.6
1418	Y	1	0.4
1419	W	1	0.4
1420	G	4	1.6
1421	Q	5	2.0
1422	K	58	23.2
1423	R	34	13.6
1424	A	31	12.4
1425	G	10	4.0
1426	V	2	0.8
1427	E	18	7.2
1428	T	2	0.8
1429	P	3	1.2
1430	S	73	29.2
1431	C	2	0.8
1432	D	2	0.8
1433	L	1	0.4
1434	P	4	1.6
1435	S	5	2.0
1436	Q	61	24.4
1437	T	84	33.6
1438	K	4	1.6
1439	E	14	5.6
1440	H	49	19.6
1441	N	1	0.4
1442	G	2	0.8
1443	C	5	2.0
1444	R	13	5.2
1445	W	1	0.4
1446	M	2	0.8
1447	D	1	0.4
1448	L	2	0.8
1449	Q	1	0.4
1450	A	49	19.6
1451	D	1	0.4
1452	P	75	30.0
1453	T	5	2.0
1454	V	24	9.6
1455	G	9	3.6
1456	C	22	8.8
1457	Y	1	0.4
1458	R	29	11.6
1459	S	21	8.4
1460	K	1	0.4
1461	N	5	2.0
1462	E	2	0.8
1463	K	10	4.0
1464	C	31	12.4
1465	S	3	1.2
1466	E	3	1.2
1467	D	65	26.0
1468	A	40	16.0
1469	P	16	6.4
1470	T	49	19.6
1471	R	22	8.8
1472	Q	1	0.4
1473	N	4	1.6
1474	H	1	0.4
1475	M	1	0.4
1476	G	2	0.8
1477	R	41	16.4
1478	D	13	5.2
1479	L	38	15.2
1480	K	2	0.8
1481	S	1	0.4
1482	T	2	0.8
1483	N	50	20.0
1484	H	41	16.4
1485	G	34	13.6
1486	E	1	0.4
1487	I	8	3.2
1488	P	3	1.2
1489	C	2	0.8
1490	A	1	0.4
1491	F	10	4.0
1492	Q	1	0.4
1493	Q	2	0.8
1494	R	26	10.4
1495	E	2	0.8
1496	T	66	26.4
1497	A	70	28.0
1498	K	17	6.8
1499	N	1	0.4
1500	G	7	2.8
1501	S	4	1.6
1502	W	1	0.4
1503	P	5	2.0
1504	H	1	0.4
1505	M	35	14.0
1506	I	8	3.2
1507	V	1	0.4
1508	D	2	0.8
1509	W	45	18.0
1510	Q	2	0.8
1511	I	24	9.6
1512	H	23	9.2
1513	L	84	33.6
1514	V	36	14.4
1515	A	3	1.2
1516	G	2	0.8
1517	Y	10	4.0
1518	F	3	1.2
1519	P	1	0.4
1520	C	1	0.4
1521	S	4	1.6
1522	R	6	2.4
1523	K	2	0.8
1524	T	1	0.4
1525	N	1	0.4
1526	D	5	2.0
1527	P	5	2.0
1528	I	41	16.4
1529	C	3	1.2
1530	W	1	0.4
1531	V	56	22.4
1532	G	21	8.4
1533	L	3	1.2
1534	R	19	7.6
1535	H	4	1.6
1536	A	23	9.2
1537	S	8	3.2
1538	E	37	14.8
1539	Q	5	2.0
1540	F	2	0.8
1541	T	1	0.4
1542	Y	1	0.4
1543	N	1	0.4
1544	M	12	4.8
1545	R	35	14.0
1546	M	5	2.0
1547	F	64	25.6
1548	I	20	8.0
1549	L	42	16.8
1550	Y	2	0.8
1551	V	6	2.4
1552	A	53	21.2
1553	T	5	2.0
1554	E	2	0.8
1555	N	1	0.4
1556	C	1	0.4
1557	P	5	2.0
1558	S	2	0.8
1559	K	1	0.4
1560	H	1	0.4
1561	G	4	1.6
1562	Q	3	1.2
1563	A	23	9.2
1564	L	4	1.6
1565	R	34	13.6
1566	V	78	31.2
1567	I	21	8.4
1568	S	20	8.0
1569	P	56	22.4
1570	H	7	2.8
1571	T	1	0.4
1572	K	1	0.4
1573	M	1	0.4
1574	P	2	0.8
1575	S	28	11.2
1576	Q	1	0.4
1577	D	6	2.4
1578	T	47	18.8
1579	R	21	8.4
1580	G	37	14.8
1581	A	12	4.8
1582	N	13	5.2
1583	L	60	24.0
1584	E	2	0.8
1585	F	3	1.2
1586	H	4	1.6
1587	K	1	0.4
1588	W	13	5.2
1589	M	1	0.4
1590	A	53	21.2
1591	S	3	1.2
1592	P	107	42.8
1593	T	6	2.4
1594	E	18	7.2
1595	Q	3	1.2
1596	D	2	0.8
1597	L	3	1.2
1598	G	42	16.8
1599	R	6	2.4
1600	F	1	0.4
1601	V	2	0.8
1602	C	1	0.4
1603	W	1	0.4
1604	G	2	0.8
1605	M	1	0.4
1606	P	2	0.8
1607	S	6	2.4
1608	R	2	0.8
1609	L	3	1.2
1610	F	14	5.6
1611	D	1	0.4
1612	Q	15	6.0
1613	S	12	4.8
1614	G	2	0.8
1615	H	2	0.8
1616	A	19	7.6
1617	E	45	18.0
1618	D	47	18.8
1619	P	35	14.0
1620	N	8	3.2
1621	T	6	2.4
1622	L	2	0.8
1623	K	15	6.0
1624	R	10	4.0
1625	C	20	8.0
1626	F	1	0.4
1627	Y	1	0.4
1628	S	17	6.8
1629	L	8	3.2
1630	V	7	2.8
1631	T	3	1.2
1632	A	45	18.0
1633	N	1	0.4
1634	E	50	20.0
1635	D	28	11.2
1636	K	1	0.4
1637	R	5	2.0
1638	F	7	2.8
1639	H	8	3.2
1640	G	38	15.2
1641	W	1	0.4
1642	C	11	4.4
1643	I	10	4.0
1644	M	1	0.4
1645	T	20	8.0
1646	R	45	18.0
1647	V	5	2.0
1648	K	36	14.4
1649	A	51	20.4
1650	S	23	9.2
1651	E	5	2.0
1652	Q	1	0.4
1653	M	10	4.0
1654	F	1	0.4
1655	L	7	2.8
1656	G	4	1.6
1657	I	17	6.8
1658	P	15	6.0
1659	W	1	0.4
1660	C	1	0.4
1661	W	2	0.8
1662	I	36	14.4
1663	N	2	0.8
1664	K	19	7.6
1665	Q	3	1.2
1666	S	28	11.2
1667	G	24	9.6
1668	D	7	2.8
1669	A	62	24.8
1670	T	3	1.2
1671	V	6	2.4
1672	R	6	2.4
1673	H	1	0.4
1674	F	2	0.8
1675	L	22	8.8
1676	P	4	1.6
1677	C	14	5.6
1678	S	11	4.4
1679	I	6	2.4
1680	T	7	2.8
1681	Q	4	1.6
1682	E	19	7.6
1683	L	16	6.4
1684	M	10	4.0
1685	V	19	7.6
1686	D	5	2.0
1687	F	21	8.4
1688	A	24	9.6
1689	G	2	0.8
1690	N	27	10.8
1691	H	14	5.6
1692	Y	3	1.2
1693	C	23	9.2
1694	R	21	8.4
1695	W	6	2.4
1696	K	2	0.8
1697	F	11	4.4
1698	L	20	8.0
1699	I	91	36.4
1700	V	5	2.0
1701	W	15	6.0
1702	G	9	3.6
1703	R	23	9.2
1704	A	18	7.2
1705	D	1	0.4
1706	S	11	4.4
1707	M	18	7.2
1708	C	8	3.2
1709	H	7	2.8
1710	P	2	0.8
1711	T	1	0.4
1712	K	1	0.4
1713	T	10	4.0
1714	A	2	0.8
1715	V	4	1.6
1716	S	6	2.4
1717	R	138	55.2
1718	H	2	0.8
1719	L	8	3.2
1720	G	12	4.8
1721	F	8	3.2
1722	N	40	16.0
1723	Q	1	0.4
1724	K	8	3.2
1725	I	1	0.4
1726	E	1	0.4
1727	D	1	0.4
1728	V	1	0.4
1729	E	1	0.4
1730	S	1	0.4
1731	R	2	0.8
1732	W	1	0.4
1733	S	1	0.4
1734	Q	3	1.2
1735	G	4	1.6
1736	V	3	1.2
1737	L	1	0.4
1738	S	3	1.2
1739	I	2	0.8
1740	A	6	2.4
1741	K	54	21.6
1742	Q	3	1.2
1743	E	2	0.8
1744	T	4	1.6
1745	G	10	4.0
1746	R	33	13.2
1747	C	1	0.4
1748	V	1	0.4
1749	S	1	0.4
1750	G	2	0.8
1751	D	83	33.2
1752	H	26	10.4
1753	Y	1	0.4
1754	N	1	0.4
1755	R	9	3.6
1756	A	5	2.0
1757	P	8	3.2
1758	N	1	0.4
1759	G	4	1.6
1760	V	2	0.8
1761	Q	67	26.8
1762	E	34	13.6
1763	K	1	0.4
1764	S	2	0.8
1765	A	7	2.8
1766	R	8	3.2
1767	P	12	4.8
1768	F	2	0.8
1769	I	4	1.6
1770	T	15	6.0
1771	V	40	16.0
1772	L	6	2.4
1773	S	1	0.4
1774	A	65	26.0
1775	K	2	0.8
1776	H	24	9.6
1777	D	15	6.0
1778	N	6	2.4
1779	Y	2	0.8
1780	P	1	0.4
1781	R	10	4.0
1782	M	1	0.4
1783	G	1	0.4
1784	F	3	1.2
1785	Q	1	0.4
1786	S	4	1.6
1787	I	2	0.8
1788	F	1	0.4
1789	D	68	27.2
1790	A	18	7.2
1791	E	20	8.0
1792	C	5	2.0
1793	K	1	0.4
1794	Q	17	6.8
1795	H	3	1.2
1796	L	34	13.6
1797	P	1	0.4
1798	R	11	4.4
1799	N	1	0.4
1800	W	13	5.2
1801	G	2	0.8
1802	T	20	8.0
1803	C	107	42.8
1804	V	2	0.8
1805	S	17	6.8
1806	D	1	0.4
1807	W	60	24.0
1808	R	42	16.8
1809	G	6	2.4
1810	A	2	0.8
1811	Y	2	0.8
1812	L	2	0.8
1813	A	17	6.8
1814	L	1	0.4
1815	S	28	11.2
1816	F	3	1.2
1817	K	1	0.4
1818	R	26	10.4
1819	V	23	9.2
1820	I	14	5.6
1821	D	1	0.4
1822	E	34	13.6
1823	Q	4	1.6
1824	H	4	1.6
1825	N	1	0.4
1826	G	1	0.4
1827	P	17	6.8
1828	T	5	2.0
1829	L	4	1.6
1830	S	8	3.2
1831	M	107	42.8
1832	V	56	22.4
1833	F	1	0.4
1834	Y	1	0.4
1835	I	5	2.0
1836	Q	4	1.6
1837	T	24	9.6
1838	G	1	0.4
1839	N	1	0.4
1840	R	5	2.0
1841	A	25	10.0
1842	K	1	0.4
1843	H	1	0.4
1844	A	34	13.6
1845	G	136	54.4
1846	V	1	0.4
1847	P	22	8.8
1848	S	19	7.6
1849	N	1	0.4
1850	R	28	11.2
1851	L	3	1.2
1852	W	1	0.4
1853	G	45	18.0
1854	V	1	0.4
1855	K	1	0.4
1856	C	67	26.8
1857	S	16	6.4
1858	R	32	12.8
1859	E	1	0.4
1860	P	68	27.2
1861	A	4	1.6
1862	N	3	1.2
1863	D	9	3.6
1864	V	18	7.2
1865	L	92	36.8
1866	P	2	0.8
1867	A	68	27.2
1868	F	3	1.2
1869	T	4	1.6
1870	S	31	12.4
1871	Y	1	0.4
1872	D	1	0.4
1873	I	4	1.6
1874	W	7	2.8
1875	M	3	1.2
1876	R	1	0.4
1877	G	12	4.8
1878	Q	1	0.4
1879	M	2	0.8
1880	P	1	0.4
1881	I	3	1.2
1882	T	2	0.8
1883	S	66	26.4
1884	R	12	4.8
1885	N	2	0.8
1886	V	8	3.2
1887	H	5	2.0
1888	Q	42	16.8
1889	E	23	9.2
1890	F	1	0.4
1891	C	1	0.4
1892	P	20	8.0
1893	L	5	2.0
1894	A	25	10.0
1895	G	3	1.2
1896	M	22	8.8
1897	I	10	4.0
1898	K	4	1.6
1899	A	28	11.2
1900	P	21	8.4
1901	H	33	13.2
1902	T	2	0.8
1903	Q	53	21.2
1904	R	85	34.0
1905	G	1	0.4
1906	S	2	0.8
1907	C	2	0.8
1908	E	3	1.2
1909	D	2	0.8
1910	N	2	0.8
1911	L	3	1.2
1912	Y	6	2.4
1913	I	27	10.8
1914	M	2	0.8
1915	S	5	2.0
1916	K	5	2.0
1917	C	71	28.4
1918	L	9	3.6
1919	F	5	2.0
1920	V	30	12.0
1921	R	20	8.0
1922	G	14	5.6
1923	A	42	16.8
1924	N	4	1.6
1925	Y	6	2.4
1926	H	1	0.4
1927	D	1	0.4
1928	T	2	0.8
1929	W	3	1.2
1930	P	1	0.4
1931	S	16	6.4
1932	V	5	2.0
1933	H	2	0.8
1934	I	23	9.2
1935	Q	7	2.8
1936	R	7	2.8
1937	G	65	26.0
1938	A	37	14.8
1939	L	44	17.6
1940	F	3	1.2
1941	D	2	0.8
1942	Y	1	0.4
1943	N	1	0.4
1944	P	1	0.4
1945	C	20	8.0
1946	T	10	4.0
1947	W	2	0.8
1948	V	6	2.4
1949	K	7	2.8
1950	S	34	13.6
1951	F	66	26.4
1952	H	21	8.4
1953	E	33	13.2
1954	I	21	8.4
1955	M	1	0.4
1956	R	22	8.8
1957	T	5	2.0
1958	P	24	9.6
1959	Y	1	0.4
1960	C	1	0.4
1961	L	1	0.4
1962	N	2	0.8
1963	D	2	0.8
1964	L	1	0.4
1965	P	11	4.4
1966	R	2	0.8
1967	V	1	0.4
1968	S	105	42.0
1969	G	46	18.4
1970	A	45	18.0
1971	C	12	4.8
1972	H	1	0.4
1973	T	18	7.2
1974	I	1	0.4
1975	N	2	0.8
1976	S	110	44.0
1977	R	10	4.0
1978	A	26	10.4
1979	N	3	1.2
1980	D	1	0.4
1981	G	17	6.8
1982	L	16	6.4
1983	Q	1	0.4
1984	F	9	3.6
1985	P	5	2.0
1986	I	6	2.4
1987	E	2	0.8
1988	K	2	0.8
1989	V	31	12.4
1990	T	2	0.8
1991	C	5	2.0
1992	W	1	0.4
1993	G	11	4.4
1994	P	7	2.8
1995	R	16	6.4
1996	W	97	38.8
1997	S	26	10.4
1998	V	1	0.4
1999	A	20	8.0
2000	H	2	0.8
2001	T	3	1.2
2002	L	38	15.2
2003	C	19	7.6
2004	K	5	2.0
2005	V	4	1.6
2006	S	13	5.2
2007	N	3	1.2
2008	G	9	3.6
2009	A	43	17.2
2010	T	2	0.8
2011	K	28	11.2
2012	M	9	3.6
2013	D	3	1.2
2014	F	1	0.4
2015	L	1	0.4
2016	I	4	1.6
2017	E	41	16.4
2018	P	12	4.8
2019	H	4	1.6
2020	R	57	22.8
2021	C	6	2.4
2022	W	3	1.2
2023	Y	1	0.4
2024	A	1	0.4
2025	R	1	0.4
2026	D	1	0.4
2027	R	40	16.0
2028	H	9	3.6
2029	K	9	3.6
2030	V	1	0.4
2031	A	15	6.0
2032	Q	9	3.6
2033	D	67	26.8
2034	P	40	16.0
2035	L	2	0.8
2036	N	8	3.2
2037	E	2	0.8
2038	G	11	4.4
2039	S	30	12.0
2040	W	1	0.4
2041	M	1	0.4
2042	S	51	20.4
2043	F	10	4.0
2044	N	9	3.6
2045	I	1	0.4
2046	T	33	13.2
2047	H	22	8.8
2048	K	3	1.2
2049	Y	1	0.4
2050	A	16	6.4
2051	V	7	2.8
2052	L	18	7.2
2053	G	17	6.8
2054	R	33	13.2
2055	C	7	2.8
2056	D	11	4.4
2057	Q	1	0.4
2058	P	1	0.4
2059	W	1	0.4
2060	A	29	11.6
2061	R	81	32.4
2062	L	12	4.8
2063	P	23	9.2
2064	S	4	1.6
2065	E	38	15.2
2066	D	26	10.4
2067	V	1	0.4
2068	T	2	0.8
2069	G	5	2.0
2070	K	14	5.6
2071	Q	7	2.8
2072	H	1	0.4
2073	S	1	0.4
2074	P	1	0.4
2075	E	1	0.4
2076	A	1	0.4
2077	V	1	0.4
2078	K	6	2.4
2079	D	21	8.4
2080	T	29	11.6
2081	N	5	2.0
2082	G	3	1.2
2083	E	1	0.4
2084	R	1	0.4
2085	A	1	0.4
2086	K	1	0.4
2087	G	2	0.8
2088	Y	19	7.6
2089	N	39	15.6
2090	F	5	2.0
2091	W	1	0.4
2092	A	2	0.8
2093	P	23	9.2
2094	A	4	1.6
2095	R	29	11.6
2096	T	14	5.6
2097	S	52	20.8
2098	H	3	1.2
2099	G	8	3.2
2100	C	2	0.8
2101	F	2	0.8
2102	L	2	0.8
2103	S	3	1.2
2104	R	2	0.8
2105	V	8	3.2
2106	T	69	27.6
2107	K	1	0.4
2108	P	11	4.4
2109	A	39	15.6
2110	M	1	0.4
2111	G	6	2.4
2112	I	1	0.4
2113	D	4	1.6
2114	E	2	0.8
2115	D	1	0.4
2116	S	4	1.6
2117	T	6	2.4
2118	V	5	2.0
2119	G	88	35.2
2120	A	10	4.0
2121	L	8	3.2
2122	E	5	2.0
2123	Q	11	4.4
2124	I	3	1.2
2125	H	1	0.4
2126	F	3	1.2
2127	R	7	2.8
2128	M	2	0.8
2129	P	1	0.4
2130	S	6	2.4
2131	K	5	2.0
2132	Q	26	10.4
2133	P	7	2.8
2134	R	68	27.2
2135	Y	13	5.2
2136	I	1	0.4
2137	E	4	1.6
2138	A	8	3.2
2139	T	2	0.8
2140	V	1	0.4
2141	G	3	1.2
2142	H	5	2.0
2143	W	1	0.4
2144	M	5	2.0
2145	C	1	0.4
2146	L	1	0.4
2147	Q	4	1.6
2148	S	15	6.0
2149	K	2	0.8
2150	A	6	2.4
2151	R	12	4.8
2152	M	2	0.8
2153	L	65	26.0
2154	P	7	2.8
2155	V	15	6.0
2156	I	15	6.0
2157	E	1	0.4
2158	G	39	15.6
2159	D	10	4.0
2160	H	7	2.8
2161	C	3	1.2
2162	C	17	6.8
2163	L	29	11.6
2164	F	1	0.4
2165	R	4	1.6
2166	A	85	34.0
2167	G	3	1.2
2168	V	29	11.6
2169	M	8	3.2
2170	T	3	1.2
2171	S	6	2.4
2172	K	5	2.0
2173	W	1	0.4
2174	P	17	6.8
2175	H	2	0.8
2176	Y	1	0.4
2177	I	2	0.8
2178	D	1	0.4
2179	Q	2	0.8
2180	D	70	28.0
2181	R	31	12.4
2182	L	12	4.8
2183	V	31	12.4
2184	N	3	1.2
2185	A	22	8.8
2186	Q	1	0.4
2187	G	7	2.8
2188	I	24	9.6
2189	T	9	3.6
2190	S	5	2.0
2191	C	4	1.6
2192	P	6	2.4
2193	H	2	0.8
2194	M	2	0.8
2195	T	20	8.0
2196	V	16	6.4
2197	P	94	37.6
2198	H	13	5.2
2199	G	6	2.4
2200	C	15	6.0
2201	R	43	17.2
2202	A	18	7.2
2203	S	9	3.6
2204	D	1	0.4
2205	N	3	1.2
2206	Y	2	0.8
2207	I	3	1.2
2208	M	2	0.8
2209	R	108	43.2
2210	T	3	1.2
2211	Q	3	1.2
2212	S	15	6.0
2213	A	9	3.6
2214	H	29	11.6
2215	D	12	4.8
2216	Y	4	1.6
2217	P	3	1.2
2218	N	2	0.8
2219	G	41	16.4
2220	W	3	1.2
2221	F	1	0.4
2222	C	2	0.8
2223	M	1	0.4
2224	L	5	2.0
2225	A	2	0.8
2226	N	1	0.4
2227	R	1	0.4
2228	D	1	0.4
2229	M	1	0.4
2230	R	22	8.8
2231	Q	2	0.8
2232	K	1	0.4
2233	S	74	29.6
2234	I	7	2.8
2235	P	48	19.2
2236	V	35	14.0
2237	H	14	5.6
2238	L	12	4.8
2239	Y	4	1.6
2240	N	2	0.8
2241	A	5	2.0
2242	T	8	3.2
2243	D	1	0.4
2244	S	32	12.8
2245	K	4	1.6
2246	F	65	26.0
2247	A	2	0.8
2248	Q	3	1.2
2249	D	4	1.6
2250	E	23	9.2
2251	V	2	0.8
2252	M	1	0.4
2253	P	4	1.6
2254	T	59	23.6
2255	G	3	1.2
2256	C	1	0.4
2257	R	8	3.2
2258	W	2	0.8
2259	Y	2	0.8
2260	I	25	10.0
2261	L	1	0.4
2262	H	3	1.2
2263	C	173	69.2
2264	F	2	0.8
2265	I	21	8.4
2266	Q	1	0.4
2267	R	12	4.8
2268	V	10	4.0
2269	E	3	1.2
2270	P	3	1.2
2271	Y	3	1.2
2272	S	1	0.4
2273	A	2	0.8
2274	M	1	0.4
2275	W	9	3.6
2276	T	1	0.4
2277	D	1	0.4
2278	L	3	1.2
2279	G	80	32.0
2280	L	33	13.2
2281	C	1	0.4
2282	I	67	26.8
2283	A	3	1.2
2284	P	7	2.8
2285	V	3	1.2
2286	R	47	18.8
2287	W	1	0.4
2288	H	4	1.6
2289	A	45	18.0
2290	P	4	1.6
2291	R	27	10.8
2292	Q	64	25.6
2293	L	9	3.6
2294	F	1	0.4
2295	G	4	1.6
2296	N	1	0.4
2297	S	13	5.2
2298	H	9	3.6
2299	K	1	0.4
2300	E	1	0.4
2301	T	10	4.0
2302	M	20	8.0
2303	I	4	1.6
2304	R	23	9.2
2305	F	4	1.6
2306	P	7	2.8
2307	S	11	4.4
2308	K	64	25.6
2309	G	47	18.8
2310	T	6	2.4
2311	L	6	2.4
2312	A	35	14.0
2313	N	1	0.4
2314	Y	1	0.4
2315	I	19	7.6
2316	M	2	0.8
2317	D	1	0.4
2318	T	61	24.4
2319	P	9	3.6
2320	S	9	3.6
2321	Y	2	0.8
2322	H	6	2.4
2323	A	9	3.6
2324	Q	1	0.4
2325	L	62	24.8
2326	D	2	0.8
2327	M	34	13.6
2328	C	1	0.4
2329	R	14	5.6
2330	I	2	0.8
2331	F	6	2.4
2332	V	3	1.2
2333	G	2	0.8
2334	I	1	0.4
2335	P	104	41.6
2336	L	66	26.4
2337	R	13	5.2
2338	D	5	2.0
2339	N	1	0.4
2340	H	20	8.0
2341	M	1	0.4
2342	A	3	1.2
2343	S	3	1.2
2344	Q	2	0.8
2345	G	1	0.4
2346	E	4	1.6
2347	K	1	0.4
2348	Y	34	13.6
2349	P	1	0.4
2350	S	2	0.8
2351	D	1	0.4
2352	G	1	0.4
2353	I	1	0.4
2354	V	4	1.6
2355	K	31	12.4
2356	R	5	2.0
2357	S	24	9.6
2358	F	11	4.4
2359	A	1	0.4
2360	M	6	2.4
2361	G	1	0.4
2362	L	31	12.4
2363	I	3	1.2
2364	V	5	2.0
2365	A	12	4.8
2366	S	20	8.0
2367	G	4	1.6
2368	R	2	0.8
2369	P	1	0.4
2370	E	5	2.0
2371	H	1	0.4
2372	A	27	10.8
2373	S	53	21.2
2374	C	1	0.4
2375	V	1	0.4
2376	R	1	0.4
2377	F	1	0.4
2378	L	45	18.0
2379	E	33	13.2
2380	D	1	0.4
2381	P	2	0.8
2382	K	1	0.4
2383	V	1	0.4
2384	Y	1	0.4
2385	D	3	1.2
2386	I	34	13.6
2387	A	7	2.8
2388	T	1	0.4
2389	V	1	0.4
2390	R	3	1.2
2391	S	42	16.8
2392	Q	2	0.8
2393	T	9	3.6
2394	V	1	0.4
2395	Q	64	25.6
2396	A	121	48.4
2397	P	2	0.8
2398	S	8	3.2
2399	C	3	1.2
2400	Y	2	0.8
2401	R	8	3.2
2402	H	12	4.8
2403	D	1	0.4
2404	S	4	1.6
2405	T	2	0.8
2406	N	4	1.6
2407	D	65	26.0
2408	E	20	8.0
2409	H	14	5.6
2410	C	1	0.4
2411	F	14	5.6
2412	R	11	4.4
2413	Y	1	0.4
2414	A	24	9.6
2415	Q	8	3.2
2416	V	6	2.4
2417	P	21	8.4
2418	L	34	13.6
2419	I	1	0.4
2420	G	3	1.2
2421	S	23	9.2
2422	Q	9	3.6
2423	I	66	26.4
2424	A	8	3.2
2425	G	3	1.2
2426	V	26	10.4
2427	D	1	0.4
2428	R	38	15.2
2429	H	2	0.8
2430	K	5	2.0
2431	E	1	0.4
2432	P	4	1.6
2433	L	8	3.2
2434	T	43	17.2
2435	R	7	2.8
2436	C	4	1.6
2437	W	2	0.8
2438	P	16	6.4
2439	A	102	40.8
2440	V	15	6.0
2441	K	11	4.4
2442	E	24	9.6
2443	Q	6	2.4
2444	H	9	3.6
2445	Y	21	8.4
2446	F	7	2.8
2447	T	6	2.4
2448	I	1	0.4
2449	S	3	1.2
2450	L	2	0.8
2451	G	1	0.4
2452	N	1	0.4
2453	D	3	1.2
2454	L	49	19.6
2455	V	2	0.8
2456	N	17	6.8
2457	R	44	17.6
2458	H	70	28.0
2459	F	1	0.4
2460	A	4	1.6
2461	G	14	5.6
2462	T	4	1.6
2463	Q	4	1.6
2464	E	16	6.4
2465	S	1	0.4
2466	P	5	2.0
2467	Y	1	0.4
2468	M	3	1.2
2469	D	9	3.6
2470	R	4	1.6
2471	C	42	16.8
2472	S	5	2.0
2473	F	3	1.2
2474	G	72	28.8
2475	D	6	2.4
2476	M	2	0.8
2477	L	4	1.6
2478	E	15	6.0
2479	H	7	2.8
2480	V	36	14.4
2481	I	3	1.2
2482	T	33	13.2
2483	A	3	1.2
2484	Y	3	1.2
2485	K	4	1.6
2486	N	6	2.4
2487	G	106	42.4
2488	S	9	3.6
2489	W	1	0.4
2490	L	5	2.0
2491	A	5	2.0
2492	D	12	4.8
2493	R	29	11.6
2494	N	5	2.0
2495	Q	2	0.8
2496	H	22	8.8
2497	Y	5	2.0
2498	M	1	0.4
2499	P	4	1.6
2500	V	43	17.2
2501	P	77	30.8
2502	S	24	9.6
2503	D	46	18.4
2504	E	2	0.8
2505	M	22	8.8
2506	V	17	6.8
2507	L	3	1.2
2508	Y	37	14.8
2509	R	8	3.2
2510	C	8	3.2
2511	F	2	0.8
2512	N	3	1.2
2513	T	14	5.6
2514	A	18	7.2
2515	P	5	2.0
2516	V	48	19.2
2517	L	41	16.4
2518	I	44	17.6
2519	M	22	8.8
2520	F	6	2.4
2521	Y	12	4.8
2522	H	3	1.2
2523	R	28	11.2
2524	G	6	2.4
2525	Q	2	0.8
2526	P	105	42.0
2527	F	2	0.8
2528	I	2	0.8
2529	E	35	14.0
2530	D	30	12.0
2531	N	1	0.4
2532	T	3	1.2
2533	A	34	13.6
2534	S	2	0.8
2535	H	2	0.8
2536	R	19	7.6
2537	L	12	4.8
2538	Q	1	0.4
2539	C	1	0.4
2540	Y	1	0.4
2541	S	6	2.4
2542	G	6	2.4
2543	T	3	1.2
2544	H	5	2.0
2545	N	5	2.0
2546	Q	36	14.4
2547	A	9	3.6
2548	E	15	6.0
2549	R	35	14.0
2550	K	6	2.4
2551	C	2	0.8
2552	D	3	1.2
2553	M	1	0.4
2554	I	54	21.6
2555	P	59	23.6
2556	V	3	1.2
2557	S	4	1.6
2558	V	27	10.8
2559	E	3	1.2
2560	N	61	24.4
2561	H	3	1.2
2562	F	8	3.2
2563	R	23	9.2
2564	L	34	13.6
2565	A	44	17.6
2566	M	1	0.4
2567	I	12	4.8
2568	T	4	1.6
2569	P	21	8.4
2570	C	1	0.4
2571	Q	1	0.4
2572	A	45	18.0
2573	E	2	0.8
2574	L	85	34.0
2575	S	39	15.6
2576	F	11	4.4
2577	Y	1	0.4
2578	N	2	0.8
2579	D	5	2.0
2580	H	2	0.8
2581	P	23	9.2
2582	R	32	12.8
2583	G	1	0.4
2584	S	2	0.8
2585	R	6	2.4
2586	K	1	0.4
2587	H	1	0.4
2588	I	3	1.2
2589	G	11	4.4
2590	K	4	1.6
2591	M	60	24.0
2592	A	52	20.8
2593	L	27	10.8
2594	F	1	0.4
2595	Q	2	0.8
2596	R	28	11.2
2597	E	1	0.4
2598	P	6	2.4
2599	S	40	16.0
2600	T	1	0.4
2601	C	2	0.8
2602	H	1	0.4
2603	W	3	1.2
2604	I	2	0.8
2605	F	65	26.0
2606	R	51	20.4
2607	A	36	14.4
2608	G	11	4.4
2609	T	1	0.4
2610	S	3	1.2
2611	H	18	7.2
2612	N	1	0.4
2613	P	8	3.2
2614	V	1	0.4
2615	Q	31	12.4
2616	L	8	3.2
2617	S	5	2.0
2618	R	49	19.6
2619	A	105	42.0
2620	G	4	1.6
2621	V	7	2.8
2622	E	14	5.6
2623	D	1	0.4
2624	I	10	4.0
2625	K	5	2.0
2626	N	17	6.8
2627	P	12	4.8
2628	H	1	0.4
2629	Y	1	0.4
2630	L	9	3.6
2631	V	1	0.4
2632	C	1	0.4
2633	P	1	0.4
2634	L	1	0.4
2635	P	54	21.6
2636	S	9	3.6
2637	V	1	0.4
2638	G	108	43.2
2639	R	17	6.8
2640	C	4	1.6
2641	A	39	15.6
2642	K	1	0.4
2643	N	11	4.4
2644	T	5	2.0
2645	E	40	16.0
2646	K	1	0.4
2647	S	11	4.4
2648	H	75	30.0
2649	D	28	11.2
2650	N	10	4.0
2651	Y	2	0.8
2652	L	9	3.6
2653	F	34	13.6
2654	Q	1	0.4
2655	R	3	1.2
2656	W	24	9.6
2657	A	2	0.8
2658	G	17	6.8
2659	R	67	26.8
2660	A	45	18.0
2661	N	9	3.6
2662	S	11	4.4
2663	L	72	28.8
2664	Q	1	0.4
2665	Y	2	0.8
2666	H	9	3.6
2667	C	3	1.2
2668	V	1	0.4
2669	F	1	0.4
2670	P	1	0.4
2671	E	5	2.0
2672	D	2	0.8
2673	S	12	4.8
2674	A	150	60.0
2675	I	2	0.8
2676	T	3	1.2
2677	P	12	4.8
2678	D	7	2.8
2679	R	24	9.6
2680	G	10	4.0
2681	H	4	1.6
2682	V	7	2.8
2683	M	5	2.0
2684	F	1	0.4
2685	Q	1	0.4
2686	L	7	2.8
2687	V	5	2.0
2688	S	2	0.8
2689	W	63	25.2
2690	L	78	31.2
2691	Y	42	16.8
2692	F	39	15.6
2693	M	1	0.4
2694	A	1	0.4
2695	R	1	0.4
2696	T	1	0.4
2697	P	11	4.4
2698	I	1	0.4
2699	E	1	0.4
2700	V	13	5.2
2701	R	47	18.8
2702	N	33	13.2
2703	K	12	4.8
2704	Q	2	0.8
2705	G	23	9.2
2706	A	4	1.6
2707	P	1	0.4
2708	W	41	16.4
2709	C	5	2.0
2710	S	23	9.2
2711	T	5	2.0
2712	I	1	0.4
2713	F	5	2.0
2714	L	29	11.6
2715	E	1	0.4
2716	D	1	0.4
2717	K	30	12.0
2718	L	9	3.6
2719	F	66	26.4
2720	T	16	6.4
2721	A	25	10.0
2722	P	34	13.6
2723	S	1	0.4
2724	I	2	0.8
2725	R	17	6.8
2726	Q	1	0.4
2727	M	13	5.2
2728	G	1	0.4
2729	D	4	1.6
2730	E	12	4.8
2731	V	15	6.0
2732	A	31	12.4
2733	R	88	35.2
2734	E	8	3.2
2735	S	3	1.2
2736	K	71	28.4
2737	G	8	3.2
2738	L	4	1.6
2739	P	3	1.2
2740	C	7	2.8
2741	V	1	0.4
2742	M	1	0.4
2743	T	19	7.6
2744	Q	1	0.4
2745	I	1	0.4
2746	T	36	14.4
2747	R	31	12.4
2748	I	14	5.6
2749	E	6	2.4
2750	S	17	6.8
2751	Q	19	7.6
2752	K	11	4.4
2753	F	16	6.4
2754	D	11	4.4
2755	L	30	12.0
2756	P	2	0.8
2757	N	1	0.4
2758	A	39	15.6
2759	C	3	1.2
2760	H	1	0.4
2761	V	1	0.4
2762	M	1	0.4
2763	W	2	0.8
2764	A	2	0.8
2765	G	2	0.8
2766	P	2	0.8
2767	C	1	0.4
2768	R	1	0.4
2769	L	1	0.4
2770	R	4	1.6
2771	N	2	0.8
2772	S	2	0.8
2773	D	67	26.8
2774	Q	18	7.2
2775	E	13	5.2
2776	K	4	1.6
2777	F	1	0.4
2778	Y	34	13.6
2779	A	1	0.4
2780	P	28	11.2
2781	H	6	2.4
2782	C	2	0.8
2783	I	10	4.0
2784	G	2	0.8
2785	M	1	0.4
2786	T	23	9.2
2787	S	22	8.8
2788	C	18	7.2
2789	P	118	47.2
2790	T	2	0.8
2791	F	1	0.4
2792	V	13	5.2
2793	I	12	4.8
2794	L	3	1.2
2795	Q	1	0.4
2796	A	5	2.0
2797	M	1	0.4
2798	R	13	5.2
2799	H	18	7.2
2800	N	1	0.4
2801	G	2	0.8
2802	L	47	18.8
2803	A	33	13.2
2804	E	3	1.2
2805	F	71	28.4
2806	V	3	1.2
2807	T	5	2.0
2808	P	10	4.0
2809	K	32	12.8
2810	R	20	8.0
2811	S	2	0.8
2812	C	1	0.4
2813	Y	1	0.4
2814	H	1	0.4
2815	N	1	0.4
2816	R	7	2.8
2817	Y	66	26.4
2818	Q	27	10.8
2819	N	1	0.4
2820	K	1	0.4
2821	E	8	3.2
2822	A	10	4.0
2823	V	31	12.4
2824	F	8	3.2
2825	T	1	0.4
2826	G	1	0.4
2827	P	49	19.6
2828	L	13	5.2
2829	H	4	1.6
2830	W	2	0.8
2831	S	71	28.4
2832	T	2	0.8
2833	R	22	8.8
2834	K	2	0.8
2835	E	39	15.6
2836	Q	3	1.2
2837	P	70	28.0
2838	A	16	6.4
2839	I	1	0.4
2840	L	1	0.4
2841	G	1	0.4
2842	V	1	0.4
2843	S	51	20.4
2844	A	15	6.0
2845	N	66	26.4
2846	F	1	0.4
2847	R	32	12.8
2848	V	2	0.8
2849	W	2	0.8
2850	G	11	4.4
2851	E	20	8.0
2852	I	1	0.4
2853	D	12	4.8
2854	H	3	1.2
2855	P	11	4.4
2856	Q	1	0.4
2857	S	4	1.6
2858	D	2	0.8
2859	G	58	23.2
2860	N	13	5.2
2861	I	24	9.6
2862	V	22	8.8
2863	R	13	5.2
2864	W	10	4.0
2865	L	21	8.4
2866	F	2	0.8
2867	H	5	2.0
2868	C	1	0.4
2869	A	18	7.2
2870	P	1	0.4
2871	T	35	14.0
2872	S	41	16.4
2873	E	5	2.0
2874	L	38	15.2
2875	A	54	21.6
2876	F	63	25.2
2877	Y	3	1.2
2878	T	1	0.4
2879	V	2	0.8
2880	M	13	5.2
2881	H	1	0.4
2882	N	5	2.0
2883	G	1	0.4
2884	W	1	0.4
2885	C	1	0.4
2886	C	1	0.4
2887	K	5	2.0
2888	R	9	3.6
2889	V	47	18.8
2890	T	24	9.6
2891	H	28	11.2
2892	D	7	2.8
2893	A	22	8.8
2894	N	1	0.4
2895	Y	3	1.2
2896	G	62	24.8
2897	Q	2	0.8
2898	P	6	2.4
2899	L	1	0.4
2900	S	5	2.0
2901	R	36	14.4
2902	P	80	32.0
2903	T	1	0.4
2904	G	26	10.4
2905	Y	1	0.4
2906	C	1	0.4
2907	S	2	0.8
2908	A	23	9.2
2909	D	1	0.4
2910	L	8	3.2
2911	K	3	1.2
2912	H	7	2.8
2913	Q	36	14.4
2914	K	1	0.4
2915	V	43	17.2
2916	A	9	3.6
2917	N	1	0.4
2918	T	98	39.2
2919	S	13	5.2
2920	R	39	15.6
2921	G	8	3.2
2922	H	4	1.6
2923	L	3	1.2
2924	P	3	1.2
2925	W	1	0.4
2926	Q	2	0.8
2927	E	1	0.4
2928	S	46	18.4
2929	G	22	8.8
2930	E	1	0.4
2931	V	101	40.4
2932	R	23	9.2
2933	A	8	3.2
2934	T	2	0.8
2935	N	1	0.4
2936	D	6	2.4
2937	L	2	0.8
2938	H	1	0.4
2939	C	2	0.8
2940	Y	1	0.4
2941	P	9	3.6
2942	F	1	0.4
2943	L	4	1.6
2944	E	2	0.8
2945	R	65	26.0
2946	K	61	24.4
2947	G	5	2.0
2948	I	25	10.0
2949	V	12	4.8
2950	Y	34	13.6
2951	C	2	0.8
2952	A	2	0.8
2953	H	5	2.0
2954	M	3	1.2
2955	W	1	0.4
2956	R	9	3.6
2957	N	3	1.2
2958	K	14	5.6
2959	Q	56	22.4
2960	E	78	31.2
2961	G	1	0.4
2962	H	6	2.4
2963	D	1	0.4
2964	Y	1	0.4
2965	S	5	2.0
2966	P	35	14.0
2967	V	1	0.4
2968	T	1	0.4
2969	A	2	0.8
2970	T	10	4.0
2971	L	68	27.2
2972	P	39	15.6
2973	A	27	10.8
2974	S	7	2.8
2975	D	36	14.4
2976	R	8	3.2
2977	K	2	0.8
2978	I	4	1.6
2979	H	2	0.8
2980	N	1	0.4
2981	G	1	0.4
2982	A	3	1.2
2983	C	3	1.2
2984	V	64	25.6
2985	M	4	1.6
2986	R	30	12.0
2987	G	36	14.4
2988	S	4	1.6
2989	P	12	4.8
2990	H	1	0.4
2991	K	1	0.4
2992	Q	1	0.4
2993	L	3	1.2
2994	T	14	5.6
2995	I	1	0.4
2996	Y	3	1.2
2997	E	8	3.2
2998	N	1	0.4
2999	S	8	3.2
3000	G	33	13.2
3001	D	60	24.0
3002	W	1	0.4
3003	R	38	15.2
3004	P	34	13.6
3005	A	5	2.0
3006	T	3	1.2
3007	I	16	6.4
3008	M	13	5.2
3009	E	3	1.2
3010	S	4	1.6
3011	R	103	41.2
3012	T	2	0.8
3013	G	37	14.8
3014	A	7	2.8
3015	W	57	22.8
3016	N	2	0.8
3017	D	1	0.4
3018	I	3	1.2
3019	M	1	0.4
3020	K	8	3.2
3021	T	2	0.8
3022	I	64	25.6
3023	L	43	17.2
3024	E	33	13.2
3025	R	12	4.8
3026	A	6	2.4
3027	V	5	2.0
3028	G	15	6.0
3029	P	1	0.4
3030	D	1	0.4
3031	S	3	1.2
3032	F	15	6.0
3033	C	5	2.0
3034	P	8	3.2
3035	S	14	5.6
3036	R	3	1.2
3037	M	3	1.2
3038	V	3	1.2
3039	L	70	28.0
3040	Q	2	0.8
3041	F	3	1.2
3042	A	29	11.6
3043	G	2	0.8
3044	T	9	3.6
3045	C	1	0.4
3046	D	1	0.4
3047	K	13	5.2
3048	I	2	0.8
3049	N	9	3.6
3050	V	26	10.4
3051	R	14	5.6
3052	T	63	25.2
3053	I	1	0.4
3054	L	4	1.6
3055	M	10	4.0
3056	A	1	0.4
3057	N	5	2.0
3058	D	2	0.8
3059	P	30	12.0
3060	S	1	0.4
3061	G	1	0.4
3062	G	70	28.0
3063	R	2	0.8
3064	Q	23	9.2
3065	E	8	3.2
3066	K	6	2.4
3067	S	3	1.2
3068	L	29	11.6
3069	P	11	4.4
3070	T	3	1.2
3071	E	6	2.4
3072	T	7	2.8
3073	D	52	20.8
3074	A	5	2.0
3075	H	2	0.8
3076	N	22	8.8
3077	Q	31	12.4
3078	K	1	0.4
3079	R	1	0.4
3080	L	5	2.0
3081	V	2	0.8
3082	S	1	0.4
3083	P	7	2.8
3084	K	2	0.8
3085	S	1	0.4
3086	H	23	9.2
3087	D	12	4.8
3088	Y	2	0.8
3089	L	1	0.4
3090	R	2	0.8
3091	N	2	0.8
3092	A	3	1.2
3093	V	8	3.2
3094	G	1	0.4
3095	G	3	1.2
3096	R	3	1.2
3097	I	13	5.2
3098	V	18	7.2
3099	A	9	3.6
3100	L	4	1.6
3101	F	2	0.8
3102	C	2	0.8
3103	R	1	0.4
3104	A	33	13.2
3105	T	3	1.2
3106	G	8	3.2
3107	S	1	0.4
3108	R	1	0.4
3109	A	1	0.4
3110	S	1	0.4
3111	T	1	0.4
3112	A	1	0.4
3113	T	1	0.4
3114	S	1	0.4
3115	G	1	0.4
3116	S	1	0.4
3117	R	1	0.4
3118	R	1	0.4
